{"cameraMode":{"drawMode":0,"name":"Shaded","section":"Shading Mode"},"sceneLighting":true,"audioPlay":false,"sceneViewState":{"showFog":true,"showMaterialUpdate":false,"showSkybox":true,"showFlares":true,"showImageEffects":true,"showParticleSystems":true,"showVisualEffectGraphs":true,"m_FxEnabled":true},"in2DMode":false,"pivot":{"x":594.1229248046875,"y":-154.85011291503907,"z":492.6936340332031},"rotation":{"x":0.10002070665359497,"y":0.11020638048648834,"z":-0.011146887205541134,"w":0.9888108372688294},"size":483.2881164550781,"orthographic":false}