{"cameraMode":{"drawMode":0,"name":"Shaded","section":"Shading Mode"},"sceneLighting":false,"audioPlay":false,"sceneViewState":{"showFog":true,"showMaterialUpdate":false,"showSkybox":false,"showFlares":true,"showImageEffects":true,"showParticleSystems":true,"showVisualEffectGraphs":true,"m_FxEnabled":true},"in2DMode":false,"pivot":{"x":-39.658687591552737,"y":6.5563883781433109,"z":2.9507837295532228},"rotation":{"x":0.005315269809216261,"y":-0.17459803819656373,"z":0.0009422441944479942,"w":0.9846264123916626},"size":8.933212280273438,"orthographic":false}